instance,ants,iter,algorithm,key,dist,opt,gap_pct,time_ms,mem_kb,bf_hit_rate
A-n32-k5,10,100,ACO,none,847.52,784,8.10,11,4,NaN
A-n32-k5,10,100,MMAS,none,848.65,784,8.25,12,4,NaN
A-n32-k5,10,100,ACO+2opt,none,835.35,784,6.55,15,12288,NaN
A-n32-k5,10,100,ACO+Tabu,none,909.04,784,15.95,292,135198,NaN
A-n32-k5,10,100,ACO+BF,EDGE,856.45,784,9.24,30,20490,0.2953
A-n32-k5,10,100,ACO+BF,EDGE_LOAD,917.08,784,16.97,31,16392,0.2500
A-n32-k5,10,100,ACO+BF,DEST_LOAD,901.96,784,15.05,27,28676,0.6746
A-n32-k5,10,100,ACO+BF,DEST_ONLY,846.84,784,8.02,20,8,1.0000
A-n32-k5,10,100,MMAS+BF,EDGE,910.58,784,16.15,33,24582,0.3163
A-n32-k5,10,100,MMAS+BF,EDGE_LOAD,915.98,784,16.83,27,16392,0.2650
A-n32-k5,10,100,MMAS+BF,DEST_LOAD,842.24,784,7.43,24,24580,0.6546
A-n32-k5,10,100,MMAS+BF,DEST_ONLY,842.35,784,7.44,17,8198,0.8955
A-n32-k5,10,200,ACO,none,847.52,784,8.10,15,4100,NaN
A-n32-k5,10,200,MMAS,none,879.23,784,12.15,16,4,NaN
A-n32-k5,10,200,ACO+2opt,none,835.35,784,6.55,20,12292,NaN
A-n32-k5,10,200,ACO+Tabu,none,900.64,784,14.88,317,53260,NaN
A-n32-k5,10,200,ACO+BF,EDGE,856.45,784,9.24,43,45062,0.2902
A-n32-k5,10,200,ACO+BF,EDGE_LOAD,917.08,784,16.97,48,4,0.2614
A-n32-k5,10,200,ACO+BF,DEST_LOAD,901.96,784,15.05,43,86024,0.6654
A-n32-k5,10,200,ACO+BF,DEST_ONLY,842.54,784,7.47,42,36872,1.0000
A-n32-k5,10,200,MMAS+BF,EDGE,839.27,784,7.05,45,4100,0.3539
A-n32-k5,10,200,MMAS+BF,EDGE_LOAD,843.31,784,7.57,44,24584,0.2690
A-n32-k5,10,200,MMAS+BF,DEST_LOAD,839.27,784,7.05,54,77828,0.6742
A-n32-k5,10,200,MMAS+BF,DEST_ONLY,840.35,784,7.19,41,36870,0.9718
A-n32-k5,10,300,ACO,none,847.52,784,8.10,25,6,NaN
A-n32-k5,10,300,MMAS,none,849.90,784,8.41,24,16388,NaN
A-n32-k5,10,300,ACO+2opt,none,835.35,784,6.55,25,4102,NaN
A-n32-k5,10,300,ACO+Tabu,none,839.45,784,7.07,471,131084,NaN
A-n32-k5,10,300,ACO+BF,EDGE,856.45,784,9.24,63,90118,0.2872
A-n32-k5,10,300,ACO+BF,EDGE_LOAD,917.08,784,16.97,74,57348,0.2610
A-n32-k5,10,300,ACO+BF,DEST_LOAD,901.96,784,15.05,67,61444,0.6621
A-n32-k5,10,300,ACO+BF,DEST_ONLY,842.54,784,7.47,62,24582,1.0000
A-n32-k5,10,300,MMAS+BF,EDGE,839.27,784,7.05,65,24584,0.3617
A-n32-k5,10,300,MMAS+BF,EDGE_LOAD,838.70,784,6.98,74,126984,0.2984
A-n32-k5,10,300,MMAS+BF,DEST_LOAD,839.27,784,7.05,65,86020,0.6815
A-n32-k5,10,300,MMAS+BF,DEST_ONLY,829.44,784,5.80,59,90116,0.9780
A-n32-k5,20,100,ACO,none,933.26,784,19.04,15,16384,NaN
A-n32-k5,20,100,MMAS,none,846.30,784,7.95,15,4,NaN
A-n32-k5,20,100,ACO+2opt,none,833.97,784,6.37,18,12294,NaN
A-n32-k5,20,100,ACO+Tabu,none,838.84,784,6.99,302,57350,NaN
A-n32-k5,20,100,ACO+BF,EDGE,883.76,784,12.72,37,36868,0.3610
A-n32-k5,20,100,ACO+BF,EDGE_LOAD,852.03,784,8.68,46,4102,0.2730
A-n32-k5,20,100,ACO+BF,DEST_LOAD,898.93,784,14.66,42,10,0.7941
A-n32-k5,20,100,ACO+BF,DEST_ONLY,905.30,784,15.47,40,69636,1.0000
A-n32-k5,20,100,MMAS+BF,EDGE,851.69,784,8.63,31,40964,0.3678
A-n32-k5,20,100,MMAS+BF,EDGE_LOAD,843.54,784,7.59,35,8198,0.2757
A-n32-k5,20,100,MMAS+BF,DEST_LOAD,856.51,784,9.25,33,4102,0.7337
A-n32-k5,20,100,MMAS+BF,DEST_ONLY,842.39,784,7.45,30,53256,0.8868
A-n32-k5,20,200,ACO,none,926.90,784,18.23,30,8202,NaN
A-n32-k5,20,200,MMAS,none,835.60,784,6.58,29,24580,NaN
A-n32-k5,20,200,ACO+2opt,none,833.97,784,6.37,35,4104,NaN
A-n32-k5,20,200,ACO+Tabu,none,814.84,784,3.93,610,131080,NaN
A-n32-k5,20,200,ACO+BF,EDGE,883.76,784,12.72,77,8202,0.3546
A-n32-k5,20,200,ACO+BF,EDGE_LOAD,852.03,784,8.68,96,126982,0.2693
A-n32-k5,20,200,ACO+BF,DEST_LOAD,898.93,784,14.66,85,73736,0.7848
A-n32-k5,20,200,ACO+BF,DEST_ONLY,905.30,784,15.47,77,28684,1.0000
A-n32-k5,20,200,MMAS+BF,EDGE,844.09,784,7.66,66,28676,0.3861
A-n32-k5,20,200,MMAS+BF,EDGE_LOAD,831.74,784,6.09,92,151556,0.2894
A-n32-k5,20,200,MMAS+BF,DEST_LOAD,839.27,784,7.05,75,110596,0.7635
A-n32-k5,20,200,MMAS+BF,DEST_ONLY,843.00,784,7.53,72,98308,0.9420
A-n32-k5,20,300,ACO,none,926.90,784,18.23,43,12300,NaN
A-n32-k5,20,300,MMAS,none,839.88,784,7.13,44,45060,NaN
A-n32-k5,20,300,ACO+2opt,none,833.97,784,6.37,50,49156,NaN
A-n32-k5,20,300,ACO+Tabu,none,814.84,784,3.93,910,118792,NaN
A-n32-k5,20,300,ACO+BF,EDGE,883.76,784,12.72,119,57354,0.3519
A-n32-k5,20,300,ACO+BF,EDGE_LOAD,852.03,784,8.68,141,65548,0.2669
A-n32-k5,20,300,ACO+BF,DEST_LOAD,898.93,784,14.66,130,36874,0.7795
A-n32-k5,20,300,ACO+BF,DEST_ONLY,905.30,784,15.47,112,163850,1.0000
A-n32-k5,20,300,MMAS+BF,EDGE,837.26,784,6.79,111,102412,0.4180
A-n32-k5,20,300,MMAS+BF,EDGE_LOAD,838.23,784,6.92,135,102404,0.3143
A-n32-k5,20,300,MMAS+BF,DEST_LOAD,826.97,784,5.48,121,114694,0.8012
A-n32-k5,20,300,MMAS+BF,DEST_ONLY,843.77,784,7.62,109,106506,0.9667
A-n32-k5,30,100,ACO,none,838.62,784,6.97,21,28672,NaN
A-n32-k5,30,100,MMAS,none,847.42,784,8.09,24,8196,NaN
A-n32-k5,30,100,ACO+2opt,none,880.02,784,12.25,25,4108,NaN
A-n32-k5,30,100,ACO+Tabu,none,838.84,784,6.99,464,131080,NaN
A-n32-k5,30,100,ACO+BF,EDGE,843.44,784,7.58,52,77840,0.4192
A-n32-k5,30,100,ACO+BF,EDGE_LOAD,902.61,784,15.13,65,81930,0.2826
A-n32-k5,30,100,ACO+BF,DEST_LOAD,859.17,784,9.59,50,20490,0.8200
A-n32-k5,30,100,ACO+BF,DEST_ONLY,858.43,784,9.49,50,32782,1.0000
A-n32-k5,30,100,MMAS+BF,EDGE,835.68,784,6.59,50,16390,0.5067
A-n32-k5,30,100,MMAS+BF,EDGE_LOAD,839.27,784,7.05,54,12298,0.2770
A-n32-k5,30,100,MMAS+BF,DEST_LOAD,839.40,784,7.07,51,86026,0.7474
A-n32-k5,30,100,MMAS+BF,DEST_ONLY,849.06,784,8.30,47,49158,0.8448
A-n32-k5,30,200,ACO,none,838.62,784,6.97,42,12300,NaN
A-n32-k5,30,200,MMAS,none,834.48,784,6.44,43,45060,NaN
A-n32-k5,30,200,ACO+2opt,none,880.02,784,12.25,50,49156,NaN
A-n32-k5,30,200,ACO+Tabu,none,814.84,784,3.93,923,69648,NaN
A-n32-k5,30,200,ACO+BF,EDGE,843.44,784,7.58,114,20498,0.4136
A-n32-k5,30,200,ACO+BF,EDGE_LOAD,902.27,784,15.09,152,53272,0.2791
A-n32-k5,30,200,ACO+BF,DEST_LOAD,832.42,784,6.18,111,20,0.8237
A-n32-k5,30,200,ACO+BF,DEST_ONLY,858.43,784,9.49,112,118794,1.0000
A-n32-k5,30,200,MMAS+BF,EDGE,829.44,784,5.80,119,110602,0.5350
A-n32-k5,30,200,MMAS+BF,EDGE_LOAD,833.03,784,6.25,122,102410,0.3235
A-n32-k5,30,200,MMAS+BF,DEST_LOAD,834.73,784,6.47,109,86022,0.7992
A-n32-k5,30,200,MMAS+BF,DEST_ONLY,843.77,784,7.62,108,106500,0.9560
A-n32-k5,30,300,ACO,none,838.62,784,6.97,62,12302,NaN
A-n32-k5,30,300,MMAS,none,825.71,784,5.32,66,73732,NaN
A-n32-k5,30,300,ACO+2opt,none,849.24,784,8.32,74,49162,NaN
A-n32-k5,30,300,ACO+Tabu,none,814.84,784,3.93,1352,4120,NaN
A-n32-k5,30,300,ACO+BF,EDGE,843.44,784,7.58,174,12308,0.4086
A-n32-k5,30,300,ACO+BF,EDGE_LOAD,842.50,784,7.46,199,36882,0.2747
A-n32-k5,30,300,ACO+BF,DEST_LOAD,832.42,784,6.18,172,16400,0.8251
A-n32-k5,30,300,ACO+BF,DEST_ONLY,858.43,784,9.49,170,163852,1.0000
A-n32-k5,30,300,MMAS+BF,EDGE,829.38,784,5.79,181,159756,0.5476
A-n32-k5,30,300,MMAS+BF,EDGE_LOAD,835.83,784,6.61,195,139282,0.3470
A-n32-k5,30,300,MMAS+BF,DEST_LOAD,829.98,784,5.87,171,143370,0.8301
A-n32-k5,30,300,MMAS+BF,DEST_ONLY,833.97,784,6.37,164,143374,0.9641
B-n31-k5,10,100,ACO,none,716.82,672,6.67,6,8192,NaN
B-n31-k5,10,100,MMAS,none,720.82,672,7.26,9,4,NaN
B-n31-k5,10,100,ACO+2opt,none,709.49,672,5.58,8,6,NaN
B-n31-k5,10,100,ACO+Tabu,none,708.22,672,5.39,140,73740,NaN
B-n31-k5,10,100,ACO+BF,EDGE,723.07,672,7.60,21,12294,0.3259
B-n31-k5,10,100,ACO+BF,EDGE_LOAD,726.06,672,8.05,20,12294,0.2587
B-n31-k5,10,100,ACO+BF,DEST_LOAD,734.32,672,9.27,16,12294,0.6222
B-n31-k5,10,100,ACO+BF,DEST_ONLY,721.90,672,7.42,16,8200,1.0000
B-n31-k5,10,100,MMAS+BF,EDGE,733.75,672,9.19,19,20486,0.3241
B-n31-k5,10,100,MMAS+BF,EDGE_LOAD,729.19,672,8.51,23,20486,0.2554
B-n31-k5,10,100,MMAS+BF,DEST_LOAD,718.18,672,6.87,18,16390,0.5607
B-n31-k5,10,100,MMAS+BF,DEST_ONLY,727.72,672,8.29,18,8198,0.9155
B-n31-k5,10,200,ACO,none,716.82,672,6.67,14,4100,NaN
B-n31-k5,10,200,MMAS,none,717.49,672,6.77,15,4,NaN
B-n31-k5,10,200,ACO+2opt,none,709.49,672,5.58,16,12294,NaN
B-n31-k5,10,200,ACO+Tabu,none,708.22,672,5.39,291,4110,NaN
B-n31-k5,10,200,ACO+BF,EDGE,716.19,672,6.58,41,20484,0.3194
B-n31-k5,10,200,ACO+BF,EDGE_LOAD,720.55,672,7.22,47,20486,0.2642
B-n31-k5,10,200,ACO+BF,DEST_LOAD,721.89,672,7.42,39,69636,0.6458
B-n31-k5,10,200,ACO+BF,DEST_ONLY,721.90,672,7.42,36,65540,1.0000
B-n31-k5,10,200,MMAS+BF,EDGE,729.79,672,8.60,43,32772,0.3394
B-n31-k5,10,200,MMAS+BF,EDGE_LOAD,717.77,672,6.81,43,16390,0.2573
B-n31-k5,10,200,MMAS+BF,DEST_LOAD,711.43,672,5.87,47,77830,0.6161
B-n31-k5,10,200,MMAS+BF,DEST_ONLY,724.63,672,7.83,39,36868,0.9836
B-n31-k5,10,300,ACO,none,716.82,672,6.67,21,8,NaN
B-n31-k5,10,300,MMAS,none,717.91,672,6.83,24,16388,NaN
B-n31-k5,10,300,ACO+2opt,none,709.49,672,5.58,26,4102,NaN
B-n31-k5,10,300,ACO+Tabu,none,706.53,672,5.14,425,81930,NaN
B-n31-k5,10,300,ACO+BF,EDGE,716.19,672,6.58,60,81926,0.3196
B-n31-k5,10,300,ACO+BF,EDGE_LOAD,720.55,672,7.22,66,45060,0.2690
B-n31-k5,10,300,ACO+BF,DEST_LOAD,721.89,672,7.42,60,40964,0.6480
B-n31-k5,10,300,ACO+BF,DEST_ONLY,721.39,672,7.35,56,12292,1.0000
B-n31-k5,10,300,MMAS+BF,EDGE,713.97,672,6.25,61,12294,0.3186
B-n31-k5,10,300,MMAS+BF,EDGE_LOAD,717.52,672,6.77,76,122888,0.2668
B-n31-k5,10,300,MMAS+BF,DEST_LOAD,717.16,672,6.72,59,69636,0.5997
B-n31-k5,10,300,MMAS+BF,DEST_ONLY,721.19,672,7.32,58,53254,0.9818
B-n31-k5,20,100,ACO,none,719.76,672,7.11,15,16384,NaN
B-n31-k5,20,100,MMAS,none,713.02,672,6.10,17,4,NaN
B-n31-k5,20,100,ACO+2opt,none,705.07,672,4.92,18,12292,NaN
B-n31-k5,20,100,ACO+Tabu,none,708.31,672,5.40,282,77838,NaN
B-n31-k5,20,100,ACO+BF,EDGE,724.19,672,7.77,35,49164,0.3941
B-n31-k5,20,100,ACO+BF,EDGE_LOAD,726.21,672,8.07,44,16394,0.2724
B-n31-k5,20,100,ACO+BF,DEST_LOAD,720.05,672,7.15,36,69636,0.7654
B-n31-k5,20,100,ACO+BF,DEST_ONLY,723.20,672,7.62,36,65542,1.0000
B-n31-k5,20,100,MMAS+BF,EDGE,717.29,672,6.74,34,16392,0.4023
B-n31-k5,20,100,MMAS+BF,EDGE_LOAD,732.52,672,9.01,40,16394,0.2858
B-n31-k5,20,100,MMAS+BF,DEST_LOAD,727.65,672,8.28,39,77834,0.7414
B-n31-k5,20,100,MMAS+BF,DEST_ONLY,724.47,672,7.81,33,20486,0.9143
B-n31-k5,20,200,ACO,none,717.47,672,6.77,26,12300,NaN
B-n31-k5,20,200,MMAS,none,714.38,672,6.31,28,20484,NaN
B-n31-k5,20,200,ACO+2opt,none,705.07,672,4.92,33,24584,NaN
B-n31-k5,20,200,ACO+Tabu,none,706.53,672,5.14,562,53260,NaN
B-n31-k5,20,200,ACO+BF,EDGE,718.43,672,6.91,72,131078,0.3924
B-n31-k5,20,200,ACO+BF,EDGE_LOAD,726.21,672,8.07,88,126984,0.2787
B-n31-k5,20,200,ACO+BF,DEST_LOAD,720.05,672,7.15,78,126988,0.7641
B-n31-k5,20,200,ACO+BF,DEST_ONLY,723.02,672,7.59,73,126982,1.0000
B-n31-k5,20,200,MMAS+BF,EDGE,722.52,672,7.52,75,110602,0.4211
B-n31-k5,20,200,MMAS+BF,EDGE_LOAD,712.38,672,6.01,87,86022,0.2802
B-n31-k5,20,200,MMAS+BF,DEST_LOAD,716.95,672,6.69,78,86022,0.7058
B-n31-k5,20,200,MMAS+BF,DEST_ONLY,713.73,672,6.21,83,81932,0.9573
B-n31-k5,20,300,ACO,none,717.47,672,6.77,42,12298,NaN
B-n31-k5,20,300,MMAS,none,709.84,672,5.63,42,45060,NaN
B-n31-k5,20,300,ACO+2opt,none,705.07,672,4.92,50,45066,NaN
B-n31-k5,20,300,ACO+Tabu,none,705.55,672,4.99,847,53262,NaN
B-n31-k5,20,300,ACO+BF,EDGE,718.43,672,6.91,118,73734,0.3932
B-n31-k5,20,300,ACO+BF,EDGE_LOAD,722.77,672,7.55,129,40966,0.2693
B-n31-k5,20,300,ACO+BF,DEST_LOAD,720.05,672,7.15,122,20492,0.7631
B-n31-k5,20,300,ACO+BF,DEST_ONLY,715.90,672,6.53,109,155652,1.0000
B-n31-k5,20,300,MMAS+BF,EDGE,713.53,672,6.18,122,102404,0.4170
B-n31-k5,20,300,MMAS+BF,EDGE_LOAD,711.80,672,5.92,128,106508,0.2826
B-n31-k5,20,300,MMAS+BF,DEST_LOAD,711.64,672,5.90,120,118794,0.7414
B-n31-k5,20,300,MMAS+BF,DEST_ONLY,717.05,672,6.70,110,110604,0.9648
B-n31-k5,30,100,ACO,none,728.17,672,8.36,21,24576,NaN
B-n31-k5,30,100,MMAS,none,710.42,672,5.72,22,8196,NaN
B-n31-k5,30,100,ACO+2opt,none,708.05,672,5.36,25,4102,NaN
B-n31-k5,30,100,ACO+Tabu,none,705.19,672,4.94,422,81928,NaN
B-n31-k5,30,100,ACO+BF,EDGE,726.85,672,8.16,56,65540,0.4778
B-n31-k5,30,100,ACO+BF,EDGE_LOAD,721.87,672,7.42,53,53264,0.2896
B-n31-k5,30,100,ACO+BF,DEST_LOAD,727.15,672,8.21,58,53254,0.8210
B-n31-k5,30,100,ACO+BF,DEST_ONLY,714.85,672,6.38,50,61446,1.0000
B-n31-k5,30,100,MMAS+BF,EDGE,714.06,672,6.26,50,16394,0.4533
B-n31-k5,30,100,MMAS+BF,EDGE_LOAD,715.32,672,6.45,63,36878,0.2975
B-n31-k5,30,100,MMAS+BF,DEST_LOAD,714.26,672,6.29,53,24580,0.7522
B-n31-k5,30,100,MMAS+BF,DEST_ONLY,708.54,672,5.44,60,102410,0.9000
B-n31-k5,30,200,ACO,none,721.30,672,7.34,43,4104,NaN
B-n31-k5,30,200,MMAS,none,712.03,672,5.96,41,8196,NaN
B-n31-k5,30,200,ACO+2opt,none,706.88,672,5.19,49,53254,NaN
B-n31-k5,30,200,ACO+Tabu,none,705.19,672,4.94,858,155672,NaN
B-n31-k5,30,200,ACO+BF,EDGE,726.85,672,8.16,115,20500,0.4658
B-n31-k5,30,200,ACO+BF,EDGE_LOAD,715.68,672,6.50,134,155664,0.2849
B-n31-k5,30,200,ACO+BF,DEST_LOAD,727.15,672,8.21,114,106500,0.8189
B-n31-k5,30,200,ACO+BF,DEST_ONLY,714.85,672,6.38,104,110598,1.0000
B-n31-k5,30,200,MMAS+BF,EDGE,713.02,672,6.10,125,106502,0.4997
B-n31-k5,30,200,MMAS+BF,EDGE_LOAD,711.52,672,5.88,127,114698,0.3114
B-n31-k5,30,200,MMAS+BF,DEST_LOAD,715.80,672,6.52,115,110606,0.7919
B-n31-k5,30,200,MMAS+BF,DEST_ONLY,716.56,672,6.63,106,106502,0.9578
B-n31-k5,30,300,ACO,none,715.37,672,6.45,63,8200,NaN
B-n31-k5,30,300,MMAS,none,707.87,672,5.34,63,69636,NaN
B-n31-k5,30,300,ACO+2opt,none,706.88,672,5.19,73,77834,NaN
B-n31-k5,30,300,ACO+Tabu,none,702.62,672,4.56,1275,163864,NaN
B-n31-k5,30,300,ACO+BF,EDGE,714.68,672,6.35,174,14,0.4615
B-n31-k5,30,300,ACO+BF,EDGE_LOAD,715.68,672,6.50,190,20,0.2841
B-n31-k5,30,300,ACO+BF,DEST_LOAD,720.28,672,7.19,169,10,0.8175
B-n31-k5,30,300,ACO+BF,DEST_ONLY,714.85,672,6.38,169,20492,1.0000
B-n31-k5,30,300,MMAS+BF,EDGE,712.13,672,5.97,178,20490,0.5094
B-n31-k5,30,300,MMAS+BF,EDGE_LOAD,712.40,672,6.01,194,16398,0.3078
B-n31-k5,30,300,MMAS+BF,DEST_LOAD,711.99,672,5.95,169,4112,0.7842
B-n31-k5,30,300,MMAS+BF,DEST_ONLY,714.07,672,6.26,164,122896,0.9553
E-n51-k5,10,100,ACO,none,624.73,521,19.91,17,20480,NaN
E-n51-k5,10,100,MMAS,none,630.14,521,20.95,18,4100,NaN
E-n51-k5,10,100,ACO+2opt,none,605.55,521,16.23,23,4100,NaN
E-n51-k5,10,100,ACO+Tabu,none,592.09,521,13.64,361,151562,NaN
E-n51-k5,10,100,ACO+BF,EDGE,626.43,521,20.24,43,53254,0.1539
E-n51-k5,10,100,ACO+BF,EDGE_LOAD,619.76,521,18.96,48,45064,0.1709
E-n51-k5,10,100,ACO+BF,DEST_LOAD,638.11,521,22.48,47,12296,0.6078
E-n51-k5,10,100,ACO+BF,DEST_ONLY,633.99,521,21.69,43,8200,1.0000
E-n51-k5,10,100,MMAS+BF,EDGE,623.47,521,19.67,44,77828,0.1894
E-n51-k5,10,100,MMAS+BF,EDGE_LOAD,646.67,521,24.12,44,32776,0.1704
E-n51-k5,10,100,MMAS+BF,DEST_LOAD,646.51,521,24.09,43,4100,0.6172
E-n51-k5,10,100,MMAS+BF,DEST_ONLY,632.07,521,21.32,40,24582,0.8966
E-n51-k5,10,200,ACO,none,624.25,521,19.82,39,32772,NaN
E-n51-k5,10,200,MMAS,none,608.18,521,16.73,35,4100,NaN
E-n51-k5,10,200,ACO+2opt,none,572.59,521,9.90,46,45062,NaN
E-n51-k5,10,200,ACO+Tabu,none,591.51,521,13.53,702,32784,NaN
E-n51-k5,10,200,ACO+BF,EDGE,620.19,521,19.04,97,36874,0.1553
E-n51-k5,10,200,ACO+BF,EDGE_LOAD,596.90,521,14.57,124,159748,0.1725
E-n51-k5,10,200,ACO+BF,DEST_LOAD,598.34,521,14.84,100,106504,0.6116
E-n51-k5,10,200,ACO+BF,DEST_ONLY,621.89,521,19.37,99,32772,1.0000
E-n51-k5,10,200,MMAS+BF,EDGE,627.22,521,20.39,94,49156,0.2656
E-n51-k5,10,200,MMAS+BF,EDGE_LOAD,612.01,521,17.47,106,57348,0.2351
E-n51-k5,10,200,MMAS+BF,DEST_LOAD,584.08,521,12.11,94,20484,0.6475
E-n51-k5,10,200,MMAS+BF,DEST_ONLY,614.82,521,18.01,91,28676,0.9524
E-n51-k5,10,300,ACO,none,618.93,521,18.80,58,53254,NaN
E-n51-k5,10,300,MMAS,none,612.85,521,17.63,55,16388,NaN
E-n51-k5,10,300,ACO+2opt,none,572.59,521,9.90,63,12294,NaN
E-n51-k5,10,300,ACO+Tabu,none,591.51,521,13.53,1018,45070,NaN
E-n51-k5,10,300,ACO+BF,EDGE,614.91,521,18.03,144,155660,0.1547
E-n51-k5,10,300,ACO+BF,EDGE_LOAD,596.90,521,14.57,186,4110,0.1836
E-n51-k5,10,300,ACO+BF,DEST_LOAD,598.34,521,14.84,155,4104,0.6139
E-n51-k5,10,300,ACO+BF,DEST_ONLY,620.33,521,19.07,140,151562,1.0000
E-n51-k5,10,300,MMAS+BF,EDGE,585.04,521,12.29,154,139274,0.2945
E-n51-k5,10,300,MMAS+BF,EDGE_LOAD,612.30,521,17.52,161,110604,0.2785
E-n51-k5,10,300,MMAS+BF,DEST_LOAD,567.61,521,8.95,145,61448,0.6333
E-n51-k5,10,300,MMAS+BF,DEST_ONLY,585.74,521,12.43,143,81928,0.9667
E-n51-k5,20,100,ACO,none,603.78,521,15.89,35,4104,NaN
E-n51-k5,20,100,MMAS,none,642.04,521,23.23,36,32772,NaN
E-n51-k5,20,100,ACO+2opt,none,581.99,521,11.71,43,8,NaN
E-n51-k5,20,100,ACO+Tabu,none,566.86,521,8.80,686,221196,NaN
E-n51-k5,20,100,ACO+BF,EDGE,631.95,521,21.30,82,147464,0.2176
E-n51-k5,20,100,ACO+BF,EDGE_LOAD,623.05,521,19.59,106,126986,0.1879
E-n51-k5,20,100,ACO+BF,DEST_LOAD,598.69,521,14.91,92,86020,0.7498
E-n51-k5,20,100,ACO+BF,DEST_ONLY,603.78,521,15.89,96,86022,1.0000
E-n51-k5,20,100,MMAS+BF,EDGE,637.56,521,22.37,90,86022,0.2936
E-n51-k5,20,100,MMAS+BF,EDGE_LOAD,583.80,521,12.05,79,36872,0.1818
E-n51-k5,20,100,MMAS+BF,DEST_LOAD,627.56,521,20.45,78,49156,0.6922
E-n51-k5,20,100,MMAS+BF,DEST_ONLY,638.82,521,22.61,66,28678,0.7955
E-n51-k5,20,200,ACO,none,603.78,521,15.89,79,86024,NaN
E-n51-k5,20,200,MMAS,none,575.80,521,10.52,71,36868,NaN
E-n51-k5,20,200,ACO+2opt,none,578.46,521,11.03,83,16392,NaN
E-n51-k5,20,200,ACO+Tabu,none,563.13,521,8.09,1338,57354,NaN
E-n51-k5,20,200,ACO+BF,EDGE,617.81,521,18.58,187,81932,0.2152
E-n51-k5,20,200,ACO+BF,EDGE_LOAD,616.11,521,18.26,215,73742,0.1683
E-n51-k5,20,200,ACO+BF,DEST_LOAD,598.69,521,14.91,209,86030,0.7508
E-n51-k5,20,200,ACO+BF,DEST_ONLY,603.78,521,15.89,190,90120,1.0000
E-n51-k5,20,200,MMAS+BF,EDGE,597.02,521,14.59,175,143368,0.3392
E-n51-k5,20,200,MMAS+BF,EDGE_LOAD,613.27,521,17.71,208,20492,0.2191
E-n51-k5,20,200,MMAS+BF,DEST_LOAD,599.91,521,15.15,190,12306,0.7651
E-n51-k5,20,200,MMAS+BF,DEST_ONLY,597.67,521,14.72,167,106506,0.9098
E-n51-k5,20,300,ACO,none,592.18,521,13.66,106,24580,NaN
E-n51-k5,20,300,MMAS,none,615.69,521,18.18,119,126980,NaN
E-n51-k5,20,300,ACO+2opt,none,578.46,521,11.03,124,102408,NaN
E-n51-k5,20,300,ACO+Tabu,none,563.13,521,8.09,2012,4116,NaN
E-n51-k5,20,300,ACO+BF,EDGE,609.96,521,17.07,284,139278,0.2091
E-n51-k5,20,300,ACO+BF,EDGE_LOAD,616.11,521,18.26,340,20490,0.1711
E-n51-k5,20,300,ACO+BF,DEST_LOAD,598.69,521,14.91,315,159756,0.7517
E-n51-k5,20,300,ACO+BF,DEST_ONLY,603.78,521,15.89,301,90126,1.0000
E-n51-k5,20,300,MMAS+BF,EDGE,579.13,521,11.16,290,40970,0.3760
E-n51-k5,20,300,MMAS+BF,EDGE_LOAD,575.52,521,10.46,321,53256,0.3021
E-n51-k5,20,300,MMAS+BF,DEST_LOAD,585.25,521,12.33,298,159756,0.8004
E-n51-k5,20,300,MMAS+BF,DEST_ONLY,595.34,521,14.27,267,69644,0.9425
E-n51-k5,30,100,ACO,none,611.99,521,17.47,52,20496,NaN
E-n51-k5,30,100,MMAS,none,596.39,521,14.47,53,40964,NaN
E-n51-k5,30,100,ACO+2opt,none,575.77,521,10.51,63,12306,NaN
E-n51-k5,30,100,ACO+Tabu,none,576.28,521,10.61,1015,225298,NaN
E-n51-k5,30,100,ACO+BF,EDGE,625.86,521,20.13,136,110610,0.2658
E-n51-k5,30,100,ACO+BF,EDGE_LOAD,633.54,521,21.60,168,94216,0.1822
E-n51-k5,30,100,ACO+BF,DEST_LOAD,609.87,521,17.06,133,8206,0.8099
E-n51-k5,30,100,ACO+BF,DEST_ONLY,610.88,521,17.25,132,16394,1.0000
E-n51-k5,30,100,MMAS+BF,EDGE,602.25,521,15.59,93,86030,0.2730
E-n51-k5,30,100,MMAS+BF,EDGE_LOAD,583.20,521,11.94,89,20498,0.1224
E-n51-k5,30,100,MMAS+BF,DEST_LOAD,623.48,521,19.67,127,81930,0.7584
E-n51-k5,30,100,MMAS+BF,DEST_ONLY,591.89,521,13.61,100,16394,0.7955
E-n51-k5,30,200,ACO,none,571.31,521,9.66,112,98308,NaN
E-n51-k5,30,200,MMAS,none,586.15,521,12.50,107,53250,NaN
E-n51-k5,30,200,ACO+2opt,none,575.77,521,10.51,124,73740,NaN
E-n51-k5,30,200,ACO+Tabu,none,576.28,521,10.61,1986,77846,NaN
E-n51-k5,30,200,ACO+BF,EDGE,618.59,521,18.73,282,126984,0.2541
E-n51-k5,30,200,ACO+BF,EDGE_LOAD,623.54,521,19.68,334,122900,0.1746
E-n51-k5,30,200,ACO+BF,DEST_LOAD,599.85,521,15.13,300,24598,0.8128
E-n51-k5,30,200,ACO+BF,DEST_ONLY,601.08,521,15.37,291,69646,1.0000
E-n51-k5,30,200,MMAS+BF,EDGE,594.14,521,14.04,272,167950,0.4190
E-n51-k5,30,200,MMAS+BF,EDGE_LOAD,590.38,521,13.32,275,126988,0.2543
E-n51-k5,30,200,MMAS+BF,DEST_LOAD,595.48,521,14.30,269,90134,0.8083
E-n51-k5,30,200,MMAS+BF,DEST_ONLY,582.48,521,11.80,251,61454,0.9259
E-n51-k5,30,300,ACO,none,571.31,521,9.66,157,24588,NaN
E-n51-k5,30,300,MMAS,none,578.84,521,11.10,177,20492,NaN
E-n51-k5,30,300,ACO+2opt,none,575.77,521,10.51,184,8200,NaN
E-n51-k5,30,300,ACO+Tabu,none,565.62,521,8.56,2993,65560,NaN
E-n51-k5,30,300,ACO+BF,EDGE,605.71,521,16.26,444,131090,0.2518
E-n51-k5,30,300,ACO+BF,EDGE_LOAD,611.60,521,17.39,507,24,0.1710
E-n51-k5,30,300,ACO+BF,DEST_LOAD,599.85,521,15.13,469,90126,0.8109
E-n51-k5,30,300,ACO+BF,DEST_ONLY,599.23,521,15.02,455,122904,1.0000
E-n51-k5,30,300,MMAS+BF,EDGE,601.08,521,15.37,448,81942,0.4411
E-n51-k5,30,300,MMAS+BF,EDGE_LOAD,591.09,521,13.45,478,28682,0.3140
E-n51-k5,30,300,MMAS+BF,DEST_LOAD,589.37,521,13.12,433,122892,0.8615
E-n51-k5,30,300,MMAS+BF,DEST_ONLY,591.40,521,13.51,423,159754,0.9555
Golden_1,5,50,ACO,none,7181.96,5628,27.61,82,24588,NaN
Golden_1,5,50,MMAS,none,9077.26,5628,61.29,84,90124,NaN
Golden_1,5,50,ACO+2opt,none,6444.22,5628,14.50,104,40974,NaN
Golden_1,5,50,ACO+Tabu,none,6482.19,5628,15.18,1206,24602,NaN
Golden_1,5,50,ACO+BF,EDGE,7107.76,5628,26.29,140,90122,0.0234
Golden_1,5,50,ACO+BF,EDGE_LOAD,7208.83,5628,28.09,169,69648,0.0875
Golden_1,5,50,ACO+BF,DEST_LOAD,7274.79,5628,29.26,184,86034,0.5528
Golden_1,5,50,ACO+BF,DEST_ONLY,7210.48,5628,28.12,161,172054,1.0000
Golden_1,5,50,MMAS+BF,EDGE,9250.49,5628,64.37,139,16398,0.0922
Golden_1,5,50,MMAS+BF,EDGE_LOAD,8586.64,5628,52.57,125,53264,0.0746
Golden_1,5,50,MMAS+BF,DEST_LOAD,8633.06,5628,53.39,122,65548,0.2023
Golden_1,5,50,MMAS+BF,DEST_ONLY,9038.11,5628,60.59,128,36873,0.7273
Golden_1,5,100,ACO,none,6854.91,5628,21.80,161,8210,NaN
Golden_1,5,100,MMAS,none,7542.51,5628,34.02,181,36880,NaN
Golden_1,5,100,ACO+2opt,none,6267.11,5628,11.36,180,20492,NaN
Golden_1,5,100,ACO+Tabu,none,6388.65,5628,13.52,2369,77856,NaN
Golden_1,5,100,ACO+BF,EDGE,6924.41,5628,23.03,398,24590,0.0337
Golden_1,5,100,ACO+BF,EDGE_LOAD,7179.49,5628,27.57,473,65562,0.2026
Golden_1,5,100,ACO+BF,DEST_LOAD,7079.73,5628,25.79,424,26,0.5339
Golden_1,5,100,ACO+BF,DEST_ONLY,7086.74,5628,25.92,399,131092,1.0000
Golden_1,5,100,MMAS+BF,EDGE,7668.32,5628,36.25,351,172043,0.1076
Golden_1,5,100,MMAS+BF,EDGE_LOAD,7495.61,5628,33.18,390,94238,0.1613
Golden_1,5,100,MMAS+BF,DEST_LOAD,7423.07,5628,31.90,331,90128,0.4153
Golden_1,5,100,MMAS+BF,DEST_ONLY,7634.61,5628,35.65,343,98320,0.9070
Golden_1,5,200,ACO,none,6669.59,5628,18.51,335,114694,NaN
Golden_1,5,200,MMAS,none,6925.53,5628,23.05,336,20490,NaN
Golden_1,5,200,ACO+2opt,none,6253.58,5628,11.12,373,4108,NaN
Golden_1,5,200,ACO+Tabu,none,6246.57,5628,10.99,4743,45086,NaN
Golden_1,5,200,ACO+BF,EDGE,6924.41,5628,23.03,987,16408,0.0418
Golden_1,5,200,ACO+BF,EDGE_LOAD,6970.06,5628,23.85,1078,139277,0.2324
Golden_1,5,200,ACO+BF,DEST_LOAD,6782.85,5628,20.52,1023,20502,0.5873
Golden_1,5,200,ACO+BF,DEST_ONLY,6871.07,5628,22.09,939,167945,1.0000
Golden_1,5,200,MMAS+BF,EDGE,7104.67,5628,26.24,840,102420,0.1066
Golden_1,5,200,MMAS+BF,EDGE_LOAD,7043.13,5628,25.14,956,49174,0.1781
Golden_1,5,200,MMAS+BF,DEST_LOAD,7111.34,5628,26.36,862,49176,0.4893
Golden_1,5,200,MMAS+BF,DEST_ONLY,6842.36,5628,21.58,860,155676,0.9380
Golden_1,10,50,ACO,none,6905.50,5628,22.70,162,86042,NaN
Golden_1,10,50,MMAS,none,9356.53,5628,66.25,169,12294,NaN
Golden_1,10,50,ACO+2opt,none,6223.84,5628,10.59,195,81938,NaN
Golden_1,10,50,ACO+Tabu,none,6402.81,5628,13.77,2371,147482,NaN
Golden_1,10,50,ACO+BF,EDGE,7113.41,5628,26.39,349,135198,0.0343
Golden_1,10,50,ACO+BF,EDGE_LOAD,6938.58,5628,23.29,235,163878,0.0235
Golden_1,10,50,ACO+BF,DEST_LOAD,6710.39,5628,19.23,311,98340,0.6590
Golden_1,10,50,ACO+BF,DEST_ONLY,6904.82,5628,22.69,272,53268,1.0000
Golden_1,10,50,MMAS+BF,EDGE,9277.49,5628,64.85,254,61484,0.0292
Golden_1,10,50,MMAS+BF,EDGE_LOAD,8396.20,5628,49.19,193,155660,0.0016
Golden_1,10,50,MMAS+BF,DEST_LOAD,8434.01,5628,49.86,190,131084,0.1166
Golden_1,10,50,MMAS+BF,DEST_ONLY,8636.57,5628,53.46,212,36894,0.5000
Golden_1,10,100,ACO,none,6615.89,5628,17.55,347,45086,NaN
Golden_1,10,100,MMAS,none,7164.05,5628,27.29,344,106506,NaN
Golden_1,10,100,ACO+2opt,none,6193.48,5628,10.05,373,139298,NaN
Golden_1,10,100,ACO+Tabu,none,6207.59,5628,10.30,4742,28722,NaN
Golden_1,10,100,ACO+BF,EDGE,6565.46,5628,16.66,863,24588,0.0349
Golden_1,10,100,ACO+BF,EDGE_LOAD,6816.85,5628,21.12,849,32808,0.1324
Golden_1,10,100,ACO+BF,DEST_LOAD,6710.39,5628,19.23,945,139292,0.7171
Golden_1,10,100,ACO+BF,DEST_ONLY,6541.33,5628,16.23,767,36900,1.0000
Golden_1,10,100,MMAS+BF,EDGE,7326.17,5628,30.17,592,151565,0.0487
Golden_1,10,100,MMAS+BF,EDGE_LOAD,7048.98,5628,25.25,595,36906,0.1693
Golden_1,10,100,MMAS+BF,DEST_LOAD,7473.57,5628,32.79,722,110618,0.6027
Golden_1,10,100,MMAS+BF,DEST_ONLY,7514.43,5628,33.52,529,61482,0.8696
Golden_1,10,200,ACO,none,6615.89,5628,17.55,669,61466,NaN
Golden_1,10,200,MMAS,none,7091.51,5628,26.00,662,4106,NaN
Golden_1,10,200,ACO+2opt,none,6017.91,5628,6.93,722,155668,NaN
Golden_1,10,200,ACO+Tabu,none,6207.59,5628,10.30,9453,57388,NaN
Golden_1,10,200,ACO+BF,EDGE,6565.46,5628,16.66,1991,77858,0.0368
Golden_1,10,200,ACO+BF,EDGE_LOAD,6503.16,5628,15.55,2063,98344,0.1585
Golden_1,10,200,ACO+BF,DEST_LOAD,6710.39,5628,19.23,2182,86034,0.7296
Golden_1,10,200,ACO+BF,DEST_ONLY,6541.33,5628,16.23,1945,106524,1.0000
Golden_1,10,200,MMAS+BF,EDGE,7205.63,5628,28.03,1711,131108,0.0971
Golden_1,10,200,MMAS+BF,EDGE_LOAD,6765.07,5628,20.20,1972,61450,0.1465
Golden_1,10,200,MMAS+BF,DEST_LOAD,7075.58,5628,25.72,1759,143382,0.6523
Golden_1,10,200,MMAS+BF,DEST_ONLY,6735.58,5628,19.68,1743,131104,0.9542
Golden_1,20,50,ACO,none,6746.27,5628,19.87,331,20518,NaN
Golden_1,20,50,MMAS,none,7829.68,5628,39.12,347,8202,NaN
Golden_1,20,50,ACO+2opt,none,6110.42,5628,8.57,375,139312,NaN
Golden_1,20,50,ACO+Tabu,none,6279.09,5628,11.57,4758,16472,NaN
Golden_1,20,50,ACO+BF,EDGE,6703.97,5628,19.12,595,110618,0.0431
Golden_1,20,50,ACO+BF,EDGE_LOAD,6598.30,5628,17.24,632,172060,0.0473
Golden_1,20,50,ACO+BF,DEST_LOAD,6734.27,5628,19.66,593,20536,0.8178
Golden_1,20,50,ACO+BF,DEST_ONLY,6681.81,5628,18.72,614,131142,1.0000
Golden_1,20,50,MMAS+BF,EDGE,8508.17,5628,51.18,481,122932,0.0925
Golden_1,20,50,MMAS+BF,EDGE_LOAD,8476.08,5628,50.61,410,163916,0.0043
Golden_1,20,50,MMAS+BF,DEST_LOAD,8472.46,5628,50.54,478,24602,0.6115
Golden_1,20,50,MMAS+BF,DEST_ONLY,8384.01,5628,48.97,486,24602,0.7778
Golden_1,20,100,ACO,none,6386.52,5628,13.48,657,151616,NaN
Golden_1,20,100,MMAS,none,7081.32,5628,25.82,654,8202,NaN
Golden_1,20,100,ACO+2opt,none,6050.11,5628,7.50,724,155726,NaN
Golden_1,20,100,ACO+Tabu,none,6199.77,5628,10.16,9475,217158,NaN
Golden_1,20,100,ACO+BF,EDGE,6612.47,5628,17.49,1671,24610,0.0477
Golden_1,20,100,ACO+BF,EDGE_LOAD,6598.30,5628,17.24,1947,102436,0.1052
Golden_1,20,100,ACO+BF,DEST_LOAD,6566.50,5628,16.68,1713,151596,0.8377
Golden_1,20,100,ACO+BF,DEST_ONLY,6544.52,5628,16.29,1536,94248,1.0000
Golden_1,20,100,MMAS+BF,EDGE,7205.58,5628,28.03,1189,74,0.1256
Golden_1,20,100,MMAS+BF,EDGE_LOAD,7146.63,5628,26.98,1258,16440,0.1273
Golden_1,20,100,MMAS+BF,DEST_LOAD,7519.53,5628,33.61,1272,122958,0.7309
Golden_1,20,100,MMAS+BF,DEST_ONLY,7040.86,5628,25.10,1120,94250,0.7667
Golden_1,20,200,ACO,none,6386.52,5628,13.48,1292,90130,NaN
Golden_1,20,200,MMAS,none,6824.21,5628,21.25,1316,73744,NaN
Golden_1,20,200,ACO+2opt,none,6050.11,5628,7.50,1418,65554,NaN
Golden_1,20,200,ACO+Tabu,none,6050.96,5628,7.52,18721,168016,NaN
Golden_1,20,200,ACO+BF,EDGE,6215.95,5628,10.45,3665,16452,0.0467
Golden_1,20,200,ACO+BF,EDGE_LOAD,6584.11,5628,16.99,4424,139330,0.1087
Golden_1,20,200,ACO+BF,DEST_LOAD,6482.02,5628,15.17,3947,114714,0.8481
Golden_1,20,200,ACO+BF,DEST_ONLY,6426.30,5628,14.18,3797,131142,1.0000
Golden_1,20,200,MMAS+BF,EDGE,7028.39,5628,24.88,3527,139326,0.1078
Golden_1,20,200,MMAS+BF,EDGE_LOAD,7010.90,5628,24.57,4013,49176,0.1421
Golden_1,20,200,MMAS+BF,DEST_LOAD,6501.99,5628,15.53,3552,57364,0.7745
Golden_1,20,200,MMAS+BF,DEST_ONLY,6663.04,5628,18.39,3261,8258,0.9492
XL-n1048,3,10,ACO,none,514955.20,-1,NaN,158,4223,NaN
XL-n1048,3,10,MMAS,none,550048.37,-1,NaN,182,8278,NaN
XL-n1048,3,10,ACO+2opt,none,498245.40,-1,NaN,157,12356,NaN
XL-n1048,3,10,ACO+Tabu,none,504531.00,-1,NaN,330,32851,NaN
XL-n1048,3,10,ACO+BF,EDGE,514955.20,-1,NaN,154,135259,NaN
XL-n1048,3,10,ACO+BF,EDGE_LOAD,514955.20,-1,NaN,158,12400,NaN
XL-n1048,3,10,ACO+BF,DEST_LOAD,514955.20,-1,NaN,171,98420,NaN
XL-n1048,3,10,ACO+BF,DEST_ONLY,514955.20,-1,NaN,157,106584,NaN
XL-n1048,3,10,MMAS+BF,EDGE,550048.37,-1,NaN,238,57448,0.0523
XL-n1048,3,10,MMAS+BF,EDGE_LOAD,550048.37,-1,NaN,234,73826,0.0509
XL-n1048,3,10,MMAS+BF,DEST_LOAD,550048.37,-1,NaN,221,163972,0.1327
XL-n1048,3,10,MMAS+BF,DEST_ONLY,550048.37,-1,NaN,230,69727,0.5000
XL-n1048,3,20,ACO,none,504376.66,-1,NaN,302,86085,NaN
XL-n1048,3,20,MMAS,none,544224.89,-1,NaN,336,28716,NaN
XL-n1048,3,20,ACO+2opt,none,490621.69,-1,NaN,347,110687,NaN
XL-n1048,3,20,ACO+Tabu,none,492519.53,-1,NaN,648,168059,NaN
XL-n1048,3,20,ACO+BF,EDGE,504376.66,-1,NaN,307,4228,NaN
XL-n1048,3,20,ACO+BF,EDGE_LOAD,504376.66,-1,NaN,331,32908,NaN
XL-n1048,3,20,ACO+BF,DEST_LOAD,504376.66,-1,NaN,336,102531,NaN
XL-n1048,3,20,ACO+BF,DEST_ONLY,504376.66,-1,NaN,309,16477,NaN
XL-n1048,3,20,MMAS+BF,EDGE,548531.08,-1,NaN,639,8318,0.1748
XL-n1048,3,20,MMAS+BF,EDGE_LOAD,544570.90,-1,NaN,705,4231,0.2218
XL-n1048,3,20,MMAS+BF,DEST_LOAD,540230.21,-1,NaN,646,41077,0.4984
XL-n1048,3,20,MMAS+BF,DEST_ONLY,544267.58,-1,NaN,614,102503,0.8889
XL-n1048,3,50,ACO,none,483806.22,-1,NaN,784,69764,NaN
XL-n1048,3,50,MMAS,none,512121.36,-1,NaN,849,139376,NaN
XL-n1048,3,50,ACO+2opt,none,471956.75,-1,NaN,792,147533,NaN
XL-n1048,3,50,ACO+Tabu,none,476823.55,-1,NaN,1626,151676,NaN
XL-n1048,3,50,ACO+BF,EDGE,485669.41,-1,NaN,1063,147591,0.1292
XL-n1048,3,50,ACO+BF,EDGE_LOAD,486520.00,-1,NaN,1101,61540,0.1628
XL-n1048,3,50,ACO+BF,DEST_LOAD,481257.48,-1,NaN,1064,180318,0.5134
XL-n1048,3,50,ACO+BF,DEST_ONLY,480937.20,-1,NaN,1032,172130,1.0000
XL-n1048,3,50,MMAS+BF,EDGE,518358.40,-1,NaN,1341,114741,0.1282
XL-n1048,3,50,MMAS+BF,EDGE_LOAD,510363.01,-1,NaN,1464,65681,0.1551
XL-n1048,3,50,MMAS+BF,DEST_LOAD,512127.83,-1,NaN,1243,41076,0.4197
XL-n1048,3,50,MMAS+BF,DEST_ONLY,516692.90,-1,NaN,1151,32879,0.7273
XL-n1048,5,10,ACO,none,516448.71,-1,NaN,258,45127,NaN
XL-n1048,5,10,MMAS,none,551276.27,-1,NaN,274,118897,NaN
XL-n1048,5,10,ACO+2opt,none,502683.30,-1,NaN,265,53474,NaN
XL-n1048,5,10,ACO+Tabu,none,500512.02,-1,NaN,547,118903,NaN
XL-n1048,5,10,ACO+BF,EDGE,516448.71,-1,NaN,251,135256,NaN
XL-n1048,5,10,ACO+BF,EDGE_LOAD,516448.71,-1,NaN,261,114846,NaN
XL-n1048,5,10,ACO+BF,DEST_LOAD,516448.71,-1,NaN,266,114846,NaN
XL-n1048,5,10,ACO+BF,DEST_ONLY,516448.71,-1,NaN,272,65718,NaN
XL-n1048,5,10,MMAS+BF,EDGE,552280.91,-1,NaN,426,151648,0.0886
XL-n1048,5,10,MMAS+BF,EDGE_LOAD,542794.29,-1,NaN,424,8376,0.0907
XL-n1048,5,10,MMAS+BF,DEST_LOAD,543634.40,-1,NaN,425,73904,0.3232
XL-n1048,5,10,MMAS+BF,DEST_ONLY,540391.93,-1,NaN,407,57492,0.6667
XL-n1048,5,20,ACO,none,499548.12,-1,NaN,514,86119,NaN
XL-n1048,5,20,MMAS,none,548160.45,-1,NaN,559,94297,NaN
XL-n1048,5,20,ACO+2opt,none,486400.64,-1,NaN,522,102463,NaN
XL-n1048,5,20,ACO+Tabu,none,489759.89,-1,NaN,1092,32933,NaN
XL-n1048,5,20,ACO+BF,EDGE,498938.94,-1,NaN,552,24752,0.1226
XL-n1048,5,20,ACO+BF,EDGE_LOAD,493080.04,-1,NaN,565,155704,0.1187
XL-n1048,5,20,ACO+BF,DEST_LOAD,499548.12,-1,NaN,556,24794,0.5114
XL-n1048,5,20,ACO+BF,DEST_ONLY,499548.12,-1,NaN,558,110724,1.0000
XL-n1048,5,20,MMAS+BF,EDGE,541926.50,-1,NaN,1081,135303,0.1694
XL-n1048,5,20,MMAS+BF,EDGE_LOAD,544570.87,-1,NaN,819,98485,0.0884
XL-n1048,5,20,MMAS+BF,DEST_LOAD,547758.42,-1,NaN,861,159840,0.3056
XL-n1048,5,20,MMAS+BF,DEST_ONLY,541394.72,-1,NaN,833,184495,0.6667
XL-n1048,5,50,ACO,none,481290.55,-1,NaN,1263,118961,NaN
XL-n1048,5,50,MMAS,none,513389.66,-1,NaN,1316,49204,NaN
XL-n1048,5,50,ACO+2opt,none,473140.67,-1,NaN,1308,69791,NaN
XL-n1048,5,50,ACO+Tabu,none,474912.22,-1,NaN,2709,102532,NaN
XL-n1048,5,50,ACO+BF,EDGE,483774.89,-1,NaN,1824,61620,0.1353
XL-n1048,5,50,ACO+BF,EDGE_LOAD,484921.95,-1,NaN,2150,151780,0.1721
XL-n1048,5,50,ACO+BF,DEST_LOAD,481107.19,-1,NaN,2112,36963,0.6156
XL-n1048,5,50,ACO+BF,DEST_ONLY,484208.57,-1,NaN,2213,65703,1.0000
XL-n1048,5,50,MMAS+BF,EDGE,515123.78,-1,NaN,2339,4350,0.1317
XL-n1048,5,50,MMAS+BF,EDGE_LOAD,514812.13,-1,NaN,2114,123099,0.1394
XL-n1048,5,50,MMAS+BF,DEST_LOAD,509381.19,-1,NaN,1848,159980,0.3124
XL-n1048,5,50,MMAS+BF,DEST_ONLY,513821.89,-1,NaN,1982,57531,0.7143
XL-n1048,10,10,ACO,none,512634.00,-1,NaN,508,41248,NaN
XL-n1048,10,10,MMAS,none,546700.18,-1,NaN,530,24674,NaN
XL-n1048,10,10,ACO+2opt,none,502687.97,-1,NaN,517,123188,NaN
XL-n1048,10,10,ACO+Tabu,none,499662.43,-1,NaN,1097,110906,NaN
XL-n1048,10,10,ACO+BF,EDGE,512634.00,-1,NaN,503,110971,NaN
XL-n1048,10,10,ACO+BF,EDGE_LOAD,512634.00,-1,NaN,501,12668,NaN
XL-n1048,10,10,ACO+BF,DEST_LOAD,512634.00,-1,NaN,511,119138,NaN
XL-n1048,10,10,ACO+BF,DEST_ONLY,512634.00,-1,NaN,522,41244,NaN
XL-n1048,10,10,MMAS+BF,EDGE,546700.18,-1,NaN,912,16803,0.1215
XL-n1048,10,10,MMAS+BF,EDGE_LOAD,546700.18,-1,NaN,976,139565,0.1219
XL-n1048,10,10,MMAS+BF,DEST_LOAD,544996.83,-1,NaN,832,143732,0.4354
XL-n1048,10,10,MMAS+BF,DEST_ONLY,546700.18,-1,NaN,908,4528,0.7500
XL-n1048,10,20,ACO,none,489191.16,-1,NaN,1021,172222,NaN
XL-n1048,10,20,MMAS,none,539535.27,-1,NaN,1046,4196,NaN
XL-n1048,10,20,ACO+2opt,none,489156.28,-1,NaN,1041,12640,NaN
XL-n1048,10,20,ACO+Tabu,none,485699.19,-1,NaN,2130,37229,NaN
XL-n1048,10,20,ACO+BF,EDGE,489191.16,-1,NaN,1011,12688,NaN
XL-n1048,10,20,ACO+BF,EDGE_LOAD,489191.16,-1,NaN,1004,57555,NaN
XL-n1048,10,20,ACO+BF,DEST_LOAD,489191.16,-1,NaN,1015,172221,NaN
XL-n1048,10,20,ACO+BF,DEST_ONLY,489191.16,-1,NaN,1017,57564,NaN
XL-n1048,10,20,MMAS+BF,EDGE,540313.81,-1,NaN,2386,29049,0.2316
XL-n1048,10,20,MMAS+BF,EDGE_LOAD,545994.75,-1,NaN,2487,164110,0.2449
XL-n1048,10,20,MMAS+BF,DEST_LOAD,542731.07,-1,NaN,1655,180489,0.4706
XL-n1048,10,20,MMAS+BF,DEST_ONLY,537976.53,-1,NaN,2171,98407,0.9091
XL-n1048,10,50,ACO,none,477644.49,-1,NaN,2506,427,NaN
XL-n1048,10,50,MMAS,none,511834.74,-1,NaN,2568,41031,NaN
XL-n1048,10,50,ACO+2opt,none,469705.07,-1,NaN,2650,20795,NaN
XL-n1048,10,50,ACO+Tabu,none,472753.39,-1,NaN,5411,82293,NaN
XL-n1048,10,50,ACO+BF,EDGE,474411.16,-1,NaN,3264,61660,0.1319
XL-n1048,10,50,ACO+BF,EDGE_LOAD,482960.76,-1,NaN,3949,65930,0.1481
XL-n1048,10,50,ACO+BF,DEST_LOAD,480727.40,-1,NaN,3032,123225,0.6983
XL-n1048,10,50,ACO+BF,DEST_ONLY,477137.99,-1,NaN,3130,151835,1.0000
XL-n1048,10,50,MMAS+BF,EDGE,514216.67,-1,NaN,4868,74136,0.1538
XL-n1048,10,50,MMAS+BF,EDGE_LOAD,507670.00,-1,NaN,3746,131408,0.1026
XL-n1048,10,50,MMAS+BF,DEST_LOAD,511568.76,-1,NaN,4852,8651,0.5822
XL-n1048,10,50,MMAS+BF,DEST_ONLY,513085.92,-1,NaN,4178,61684,0.7500
